element_number,rel_error[%],gen_rates_original [mA/(cm^2)],gen_rates_predicted [mA/(cm^2)]
3,0.8801525,13.82745,13.95101
7,0.9787593,11.42997,11.54254
12,5.62498,10.45571,11.0416
13,2.073592,13.17541,13.45643
23,0.8790379,12.55973,12.45606
28,3.783786,14.99457,15.56707
56,0.5778612,14.72873,14.63755
62,0.2334168,13.96905,13.99773
76,0.02846175,10.76781,10.76628
87,1.797121,12.79598,13.02998
106,1.605122,12.44101,12.62956
112,2.082893,11.19699,11.42122
123,3.22031,10.48545,10.81429
134,2.063146,11.3348,11.55637
136,0.910394,11.95472,12.0536
137,2.317663,14.41259,14.75841
145,0.01075047,11.43749,11.43555
179,0.7318584,13.2601,13.37068
187,1.684548,11.8287,12.02133
195,1.227375,12.37476,12.22315
206,0.8653575,14.09219,14.18708
208,3.528339,12.71148,13.17207
212,0.2573667,10.7765,10.81233
225,4.112916,12.60041,12.04317
230,1.683132,12.77894,13.00103
241,2.398418,14.02462,13.69561
242,6.226033,11.18103,11.86337
250,3.825924,12.09237,12.55297
260,1.568902,13.79403,14.00739
264,0.8456581,10.88514,10.96964
281,5.500784,10.92698,11.52544
298,6.351317,14.47577,15.41053
315,3.993956,16.18603,16.88863
316,2.078149,12.52625,12.78183
328,0.4293573,13.12309,13.17398
