SMILES,Conformer,HOMO,LUMO,HOMO(eV),LUMO(eV)
Cc1ccc(-c2c3cc(-c4ccc(-c5sc(-c6cccs6)c6cc(S(C)(=O)=O)sc65)s4)sc3c(-c3ccc(C)s3)c3ccsc32)s1,1,-0.187,-0.099,-5.0885318,-2.6939286
CN1c2ccccc2C(=C2c3ccc(-c4cccs4)cc3N(C)C2=O)C1=O,1,-0.205,-0.111,-5.578337,-3.0204654
Cc1cc(-c2cc3c4nsnc4c(-c4cc(C)c(-c5cccs5)s4)cc3c3nsnc32)sc1-c1cccs1,1,-0.19,-0.114,-5.170166,-3.1020996
Cn1c2ccccc2c2ccc(-c3ccc(-c4ccc(C5=C(c6ccccc6)C(c6ccccc6)=C(c6ccc(-c7cccs7)s6)[Si]5(C)C)s4)s3)cc21,1,-0.173,-0.091,-4.7075722,-2.4762374
Cc1cc(-c2c3cc(-c4cccs4)sc3c(-c3cc(C)c(C)s3)c3cc(-c4ccc(-c5ccc6c(c5F)N(C)C(=O)C6=C5c6cccc(F)c6N(C)C5=O)s4)sc32)sc1C,1,-0.186,-0.119,-5.0613204,-3.2381566
C#Cc1cc(OC)c(C#Cc2scc3nc(-c4ccccc4)c(-c4ccccc4)nc32)cc1OC,1,-0.193,-0.099,-5.2518002,-2.6939286
Cc1csc(-c2ccc(-c3cc(C)c(-c4cc5c(s4)c(-c4ccc(C)cc4)c4ccsc4c5-c4ccc(C)cc4)s3)c3nsnc32)c1,1,-0.184,-0.105,-5.0068976,-2.857197
CC1=CC(c2cc(C)c(-c3ccc(-c4sc(-c5nc(C)c(-c6cccs6)s5)nc4C)s3)s2)=S=C1,1,-0.185,-0.092,-5.034109,-2.5034488
CN1C(=O)C2=C(c3ccc(-c4ccc(C(F)(F)F)cc4)s3)N(C)C(=O)C2=C1c1ccc(-c2ccc(C(F)(F)F)cc2)s1,1,-0.195,-0.119,-5.306223,-3.2381566
CC1(C)c2ccccc2-c2ccc(N(c3ccc(-c4ccc(-c5ccc(C=CC=C(C#N)C(=O)O)s5)s4)cc3)c3ccc4c(c3)C(C)(C)c3ccccc3-4)cc21,1,-0.188,-0.114,-5.1157432,-3.1020996
C=Cc1ccc(N(c2ccccc2)c2ccc(-c3ccc(C=C4SC(=S)N(CC(=O)O)C4=O)s3)cc2)cc1,1,-0.196,-0.106,-5.3334344,-2.8844084
N#CC(=Cc1ccc(-c2ccc(-c3ccc(N(c4ccccc4)c4ccccc4)cc3)s2)s1)C(=O)O,1,-0.195,-0.109,-5.306223,-2.9660426
Cc1cc[se]c1,1,-0.23,-0.02,-6.258622,-0.544228
Cc1nc(-c2nc(C)c(-c3ccc(C4=S=C5c6cc7c(cc6C(C)(C)C5=C4)-c4sccc4C7(C)C)s3)s2)sc1-c1cccs1,1,-0.18,-0.093,-4.898052,-2.5306602
Cc1ccc(C2(c3ccc(C)cc3)c3ccsc3-c3cc4c(cc32)-c2sc(-c3ccc(-c5ccc(-c6ccc(-c7ccc(-c8cccs8)s7)c7nsnc76)s5)s3)cc2C4(c2ccc(C)cc2)c2ccc(C)cc2)cc1,1,-0.176,-0.108,-4.7892064,-2.9388312
O=C1c2ccccc2C(=O)C1=Cc1ccc(-c2ccc(N(c3ccc(-c4ccc(C=Cc5cccs5)s4)cc3)c3ccc(-c4ccc(C=Cc5cccs5)s4)cc3)cc2)s1,1,-0.183,-0.105,-4.9796862,-2.857197
COc1cccc(-c2nc3c(-c4cccs4)ccc(-c4ccc(-c5cc6c(s5)c(-c5ccc(C)s5)c5ccsc5c6-c5ccc(C)s5)s4)c3nc2-c2cccc(OC)c2)c1,1,-0.183,-0.093,-4.9796862,-2.5306602
Cc1csc(C=Cc2cccc3nsnc32)c1C,1,-0.199,-0.097,-5.4150686,-2.6395058
C=Cc1ccc2c3ccc(C=Cc4sc(-c5cc(C)cs5)cc4C)cc3n(-c3ccc(OC)cc3)c2c1,1,-0.181,-0.074,-4.9252634,-2.0136436
C=Cc1ccc2c3ccc(C=Cc4ccc(-c5ccc(C6=C(C)C(C)=C(c7ccc(-c8cccs8)s7)S6(=O)=O)s5)s4)cc3n(-c3ccc(OC)cc3)c2c1,1,-0.183,-0.101,-4.9796862,-2.7483514
Cc1cc2cc3c(C#C[Si](C)(C)C)c4cc5sc(C)cc5cc4c(C#C[Si](C)(C)C)c3cc2s1,1,-0.178,-0.095,-4.8436292,-2.585083
CC1(C)c2ccsc2-c2cc3c(cc21)-c1sc(-c2ccc(-c4nc5sc(-c6cccs6)nc5s4)s2)cc1C3(C)C,1,-0.183,-0.094,-4.9796862,-2.5578716
C=Cc1ccc2c3ccc(C=Cc4sc(-c5ccc(-c6ccc(-c7cc(C)cs7)s6)s5)cc4C)cc3n(-c3ccc(OC)cc3)c2c1,1,-0.177,-0.086,-4.8164178,-2.3401804
COc1c(OC)c(-c2ccc(-c3cc4c(s3)c(-c3ccc(C)s3)c3ccsc3c4C3=S=C(C)C=C3)s2)c2nsnc2c1-c1cccs1,1,-0.183,-0.103,-4.9796862,-2.8027742
N#CC(=Cc1ccc(-c2ccc(-c3ccc(C=C(C#N)c4ccc([N+](=O)[O-])cc4)s3)c3c2C(=O)OC3=O)s1)c1ccc([N+](=O)[O-])cc1,1,-0.238,-0.144,-6.4763132,-3.9184416
COC(=O)C(C#N)=Cc1cc(C)c(-c2ccc(-c3sc(-c4cc5c(s4)-c4sc(-c6cc(C)c(-c7ccc(C8=S=C(C=C(C#N)C(=O)OC)C=C8C)s7)s6)cc4[Si]5(C)C)cc3C)s2)s1,1,-0.187,-0.116,-5.0885318,-3.1565224
CN1C(=O)C2=C(c3ccc(-c4ccccc4)s3)N(C)C(=O)C2=C1c1cccs1,1,-0.185,-0.102,-5.034109,-2.7755628
Cc1ccc(-c2ccc(-c3cnc(-c4cc5c(s4)-c4sc(-c6ncc(-c7ccc(-c8ccc(C)s8)s7)c7nsnc76)cc4[Si]5(C)C)c4nsnc43)s2)s1,1,-0.18,-0.121,-4.898052,-3.2925794
CC1(C)c2ccccc2-c2ccc(-c3ccc(-c4ccc(-c5ccc(C6=C(c7ccccc7)C(c7ccccc7)=C(c7ccc(-c8ccc(C9=S=CC=C9)s8)s7)[Si]6(C)C)s5)s4)s3)cc21,1,-0.172,-0.095,-4.6803608,-2.585083
COCc1cc2csc(-c3cc4c(s3)c(OC)c3ccsc3c4OC)c2s1,1,-0.188,-0.068,-5.1157432,-1.8503752
Cn1c2ccccc2c2ccc(-c3ccc(-c4cnc(-c5cccs5)c5nsnc54)s3)cc21,1,-0.193,-0.114,-5.2518002,-3.1020996
COc1c2ccsc2c(OC)c2cc(-c3sc(-c4sc(-c5cc(C)cs5)c5c4C(=O)N(C)C5=O)cc3C)sc21,1,-0.187,-0.093,-5.0885318,-2.5306602
CC1(C)CC(C=Cc2ccc(N(c3ccc(N(c4ccccc4)c4ccccc4)cc3)c3ccc(N(c4ccccc4)c4ccccc4)cc3)cc2)=CC(=C(C#N)C(=O)O)C1,1,-0.182,-0.101,-4.9524748,-2.7483514
COc1c2cc(C)sc2c(OC)c2cc(-c3ccc(-c4sc(-c5ccc(C)s5)c5c4C(=O)N(C)C5=O)s3)sc21,1,-0.191,-0.095,-5.1973774,-2.585083
Cc1c2ccsc2c(C)c2cc(-c3ccc(-c4cnc(-c5cccs5)c5nsnc54)s3)sc21,1,-0.192,-0.117,-5.2245888,-3.1837338
CC(=O)c1cc2c(csc2-c2cc3c(s2)c(C)c2ccsc2c3C)s1,1,-0.196,-0.095,-5.3334344,-2.585083
Cc1cc(-c2ccc(N(c3ccccc3)c3ccccc3)cc2)sc1-c1cnc(-c2ncc(-c3sc(-c4ccc(N(c5ccccc5)c5ccccc5)cc4)cc3C)s2)s1,1,-0.178,-0.088,-4.8436292,-2.3946032
Cc1nc(-c2nc(C)c(-c3ccc(-c4cc5c(s4)-c4sccc4[Si]5(C)C)s3)s2)sc1-c1cccs1,1,-0.182,-0.093,-4.9524748,-2.5306602
Cc1ccc(C2(c3ccc(C)cc3)c3ccsc3-c3cc4c(cc32)-c2sc(-c3cccc5nc6c7ccsc7c7sccc7c6nc53)cc2C4(c2ccc(C)cc2)c2ccc(C)cc2)cc1,1,-0.186,-0.096,-5.0613204,-2.6122944
COc1ccc(N(c2ccc(C=Cc3cc4c(s3)-c3sc(C=C(C#N)C(=O)O)cc3C4(C)C)cc2)c2ccc(OC)cc2)cc1,1,-0.181,-0.105,-4.9252634,-2.857197
Cn1c2ccsc2c2sc(-c3ccc(-c4ccc(-c5cccs5)c5nsnc54)s3)cc21,1,-0.18,-0.104,-4.898052,-2.8299856
Cc1nc(-c2nc(C)c(-c3ccc(N(c4ccccc4)c4ccccc4)cc3)s2)sc1-c1ccc(N(c2ccccc2)c2ccccc2)cc1,1,-0.185,-0.077,-5.034109,-2.0952778
CC1(C)c2ccsc2-c2cc3c(cc21)-c1sc(-c2ccc(-c4ccc(-c5cccs5)c5nsnc54)s2)cc1C3(C)C,1,-0.18,-0.105,-4.898052,-2.857197
c1csc(-c2cc(-c3cccs3)c(-c3cccs3)s2)c1,1,-0.203,-0.062,-5.5239142,-1.6871068
CN1c2ccccc2C(=C2c3ccc(-c4cc5c(s4)-c4sccc4[Si]5(C)C)cc3N(C)C2=O)C1=O,1,-0.192,-0.109,-5.2245888,-2.9660426
CC1(C)c2ccccc2-c2ccc(N(c3ccc(-c4ccc(C=C(C#N)C(=O)O)s4)cc3)c3ccc4c(c3)C(C)(C)c3ccccc3-4)cc21,1,-0.193,-0.105,-5.2518002,-2.857197
COc1ccc(C=Cc2ccc(C=Cc3cc(C)c(C=Cc4ccc(C=Cc5cc(C)c(C=Cc6ccc(C=Cc7cc(C)c(C=O)cc7C)s6)cc5C)s4)cc3C)s2)cc1,1,-0.18,-0.1,-4.898052,-2.72114
COc1ccc(N(c2ccc(C=Cc3ccc(C=C(C#N)C(=O)O)s3)cc2)c2ccc(OC)cc2)cc1,1,-0.188,-0.104,-5.1157432,-2.8299856
Cc1cc(C=C2C(=O)c3ccccc3C2=O)sc1-c1cc(C)c(-c2cc(C)c(-c3ccc(-c4sc(-c5sc(C6=S=C(C=C7C(=O)c8ccccc8C7=O)C=C6C)cc5C)cc4C)s3)s2)s1,1,-0.184,-0.114,-5.0068976,-3.1020996
CC(=O)c1sc2csc(-c3cc4c(s3)c(C)c3ccsc3c4C)c2c1F,1,-0.198,-0.098,-5.3878572,-2.6667172
Cc1cc2c3ccsc3c3sc(-c4ccc(-c5cnc(-c6cccs6)c6nsnc65)s4)cc3c2cc1C,1,-0.19,-0.116,-5.170166,-3.1565224
COC(=O)c1sc2csc(-c3cc4c(s3)c(OC)c3ccsc3c4OC)c2c1F,1,-0.197,-0.093,-5.3606458,-2.5306602
COc1ccc(N(c2ccc(OC)cc2)c2ccc(C(=Cc3ccc(C=C(C#N)C(=O)O)s3)c3ccc(N(c4ccc(OC)cc4)c4ccc(OC)cc4)cc3)cc2)cc1,1,-0.18,-0.097,-4.898052,-2.6395058
C=Cc1sccc1C(=O)OC,1,-0.229,-0.07,-6.2314106,-1.904798
N#CC(=Cc1ccc(N(c2ccccc2)c2ccccc2)cc1)C(=O)O,1,-0.208,-0.094,-5.6599712,-2.5578716
COc1c2sccc2c2cc(-c3cc(C)c(-c4nc5sc(-c6sccc6C)nc5s4)s3)sc2c1OC,1,-0.189,-0.092,-5.1429546,-2.5034488
COC(=O)C(C#N)=Cc1cc(C)c(-c2ccc(-c3sc(-c4ccc5c6ccc(-c7cc(C)c(-c8ccc(-c9sc(C=C(C#N)C(=O)OC)cc9C)s8)s7)cc6n(C)c5c4)cc3C)s2)s1,1,-0.194,-0.112,-5.2790116,-3.0476768
Cc1ccsc1-c1sc(-c2sc(-c3ccc4c(c3)C(C)(C)c3ccccc3-4)cc2C)c2nc3c(nc21)-c1cccc2cccc-3c12,1,-0.186,-0.095,-5.0613204,-2.585083
Cc1ccc(C2(c3ccc(C)cc3)c3ccsc3-c3cc4c(cc32)-c2sc(-c3ccc(-c5ccc(C6=C7C(=O)N(C)C(c8cccs8)=C7C(=O)N6C)s5)s3)cc2C4(c2ccc(C)cc2)c2ccc(C)cc2)cc1,1,-0.178,-0.104,-4.8436292,-2.8299856
COC(=O)c1cc2c(csc2-c2cc3c(s2)c(OC)c2ccsc2c3OC)s1,1,-0.195,-0.09,-5.306223,-2.449026
COc1ccsc1-c1sc(-c2scc3c2C(=O)N(C)C3=O)cc1OC,1,-0.192,-0.086,-5.2245888,-2.3401804
COc1c2ccsc2c(OC)c2cc(-c3cc(C)c(-c4sc(-c5sccc5C)c5c4C(=O)N(C)C5=O)s3)sc21,1,-0.196,-0.089,-5.3334344,-2.4218146
Cc1nc2c3ccsc3c3sc(-c4ccc(-c5cnc(C6=S=CC=C6)c6nsnc65)s4)cc3c2nc1C,1,-0.193,-0.117,-5.2518002,-3.1837338
COc1cccc2c1ccc(-c1ccc(-c3ccc(-c4cccs4)c4nsnc43)s1)c2OC,1,-0.191,-0.104,-5.1973774,-2.8299856
CC1(C)c2cc(-c3ccc(-c4ccc(C=C(C#N)C#N)s4)s3)ccc2-c2ccc(N(c3ccccc3)c3ccccc3)cc21,1,-0.194,-0.118,-5.2790116,-3.2109452
Cc1ccc(-c2sc(-c3ccc(-c4ccc(N(c5ccc(-c6ccc(-c7sc(-c8ccc(C)s8)c8c7OCCO8)s6)cc5)c5ccc(-c6ccc(-c7sc(-c8ccc(C)s8)c8c7OCCO8)s6)cc5)cc4)s3)c3c2OCCO3)s1,1,-0.165,-0.071,-4.489881,-1.9320094
Cn1c2ccccc2c2cc(-c3cc4c(s3)-c3sc(C=C(C#N)C(=O)O)cc3C4(C)C)ccc21,1,-0.196,-0.103,-5.3334344,-2.8027742
Cn1c2ccccc2c2ccc(-c3ccc(-c4nnc(-c5cccs5)c5nccnc45)s3)cc21,1,-0.196,-0.113,-5.3334344,-3.0748882
CC(=O)c1cc2csc(-c3cc4c(s3)c(-c3ccc(C)s3)c3ccsc3c4-c3ccc(C)s3)c2s1,1,-0.19,-0.087,-5.170166,-2.3673918
COc1ccc(N(c2ccc(OC)cc2)c2ccc(-c3ccc(C=C(C#N)C(=O)O)s3)cc2)cc1,1,-0.191,-0.101,-5.1973774,-2.7483514
Cc1cc(-c2c3ccsc3c(-c3cc(C)c(C)s3)c3cc(-c4ccc5c(c4)N(C)C(=O)C5=C4c5ccccc5N(C)C4=O)sc32)sc1C,1,-0.189,-0.111,-5.1429546,-3.0204654
Cn1c(-c2ccc(C=C(C#N)C(=O)O)s2)ccc1-c1ccc2c(c1)C(C)(C)c1cc(N(c3ccccc3)c3cccc4ccccc43)ccc1-2,1,-0.191,-0.102,-5.1973774,-2.7755628
Cn1c(-c2ccc(C=C(C#N)C(=O)O)s2)ccc1-c1ccc2c(c1)C(C)(C)c1cc(N(c3ccccc3)c3cccc4ccccc43)ccc1-2,1,-0.191,-0.103,-5.1973774,-2.8027742
Cn1c2ccccc2c2ccc(-c3ccc(C4=C5C(=O)N(C)C(c6cccs6)=C5C(=O)N4C)s3)cc21,1,-0.182,-0.101,-4.9524748,-2.7483514
C=Cc1ccc(N(c2ccccc2)c2ccc(C=C3SC(=S)N(CC(=O)O)C3=O)cc2)cc1,1,-0.201,-0.099,-5.4694914,-2.6939286
CC1(C)c2ccccc2-c2ccc(-c3ccc(-c4ccc(C5=C(c6ccccc6)C(c6ccccc6)=C(c6ccc(-c7cccs7)s6)[Si]5(C)C)s4)s3)cc21,1,-0.175,-0.091,-4.761995,-2.4762374
COc1c2ccsc2c(OC)c2cc(-c3scc4sc(C(C)=O)cc43)sc21,1,-0.197,-0.096,-5.3606458,-2.6122944
N#CC(=Cc1ccc(C=Cc2ccc(N(c3ccccc3)c3ccccc3)cc2)s1)C(=O)O,1,-0.197,-0.109,-5.3606458,-2.9660426
N#CC(=CC=Cc1ccc(N(c2ccccc2)c2ccccc2)cc1)C(=O)O,1,-0.204,-0.103,-5.5511256,-2.8027742
COc1c2ccsc2c(OC)c2c1=S=C(c1ccc(-c3sc(-c4nc(C)c(-c5cccs5)s4)nc3C)s1)C=2,1,-0.188,-0.095,-5.1157432,-2.585083
Cn1c2cc(C=C(C#N)C#N)sc2c2sc(C=C(C#N)C#N)cc21,1,-0.238,-0.146,-6.4763132,-3.9728644
Cc1csc(C#Cc2cccc3nsnc32)c1C,1,-0.206,-0.1,-5.6055484,-2.72114
Cc1ccc(-c2c3ccsc3c(-c3ccc(C)s3)c3cc(-c4ccc(-c5nc6sc(-c7cccs7)nc6s5)s4)sc32)s1,1,-0.189,-0.096,-5.1429546,-2.6122944
CN1C(=O)c2csc(-c3cc4c(s3)-c3sccc3C4(C)C)c2C1=O,1,-0.2,-0.089,-5.44228,-2.4218146
COc1c2ccsc2c(OC)c2cc(-c3sc(C4=S=Cc5ccccc54)c4ccccc43)sc21,1,-0.181,-0.089,-4.9252634,-2.4218146
COc1ccc(-c2nc3c(-c4cccs4)ccc(-c4ccc(-c5ccc6c7ccccc7n(C)c6c5)s4)c3nc2-c2ccc(OC)cc2)cc1,1,-0.186,-0.088,-5.0613204,-2.3946032
Cc1ccc(-c2c3sc4cc(-c5scc6cc(S(C)(=O)=O)sc65)sc4c3c(-c3ccc(C)s3)c3sc4ccsc4c32)s1,1,-0.192,-0.086,-5.2245888,-2.3401804
C#Cc1cc2c(s1)-c1sc(C#Cc3scc4nc(-c5ccccc5)c(-c5ccccc5)nc34)cc1C2(C)C,1,-0.187,-0.103,-5.0885318,-2.8027742
COc1c2ccsc2c(OC)c2cc(-c3scc4cc(C(C)=O)sc43)sc21,1,-0.193,-0.089,-5.2518002,-2.4218146
COc1ccc(N(c2ccc(OC)cc2)c2ccc(-c3ccc(C=C(C#N)C(=O)O)o3)cc2)cc1,1,-0.186,-0.094,-5.0613204,-2.5578716
CSc1ccc(-c2ccc(-c3csc(-c4cc(-c5ccc(-c6ccc(SC)s6)s5)sc4-c4sc(-c5ccc(-c6ccc(SC)s6)s5)cc4-c4ccc(-c5ccc(-c6ccc(SC)s6)s5)s4)c3)s2)s1,1,-0.189,-0.087,-5.1429546,-2.3673918
C=Cc1cc(OC)ccc1OC,1,-0.202,-0.034,-5.4967028,-0.9251876
COc1c2ccsc2c(OC)c2c1=S=C(c1cc(C)c(-c3sc(-c4nc(C)c(-c5sccc5C)s4)nc3C)s1)C=2,1,-0.187,-0.089,-5.0885318,-2.4218146
COc1c2ccsc2c(OC)c2cc(-c3scc4sc(C(C)=O)c(F)c43)sc21,1,-0.198,-0.097,-5.3878572,-2.6395058
CC1(C)c2cc(C=C(C#N)c3ccc(C=C(C#N)C(=O)O)s3)ccc2-c2ccc(N(c3ccccc3)c3ccccc3)cc21,1,-0.198,-0.118,-5.3878572,-3.2109452
Cc1ccc(-c2ccc(-c3c4cc(-c5cc(C)c(-c6ccc(-c7sc(C=C8SC(=S)N(C)C8=O)cc7C)s6)s5)sc4c(-c4ccc(-c5ccc(C)s5)s4)c4cc(-c5cc(C)c(-c6ccc(-c7sc(C=C8SC(=S)N(C)C8=O)cc7C)s6)s5)sc43)s2)s1,1,-0.184,-0.11,-5.0068976,-2.993254
Cc1ccc(C2(c3ccc(C)cc3)c3ccsc3-c3cc4c(cc32)-c2sc(-c3ccc(-c5ccc(-c6cccs6)c6nsnc65)s3)cc2C4(c2ccc(C)cc2)c2ccc(C)cc2)cc1,1,-0.18,-0.104,-4.898052,-2.8299856
Cn1c2ccccc2c2ccc(-c3ccc(-c4nnc(-c5cccs5)c5nonc54)s3)cc21,1,-0.205,-0.126,-5.578337,-3.4286364
Cc1csc(-c2ccc(-c3cc(C)c(-c4cc5c(s4)c4sccc4c4cc(C)c(C)cc54)s3)c3nsnc32)c1,1,-0.184,-0.106,-5.0068976,-2.8844084
COc1ccc2c(c1)-c1cc(OC)c(-c3ccc(-c4ccc(-c5cccs5)c5nsnc54)s3)cc1[Si]2(C)C,1,-0.191,-0.104,-5.1973774,-2.8299856
Cn1c(-c2ccc(C=C(C#N)C(=O)O)s2)ccc1-c1ccc(N(c2ccccc2)c2ccccc2)cc1,1,-0.193,-0.103,-5.2518002,-2.8027742
Cc1ccc(-c2nc3c(nc2-c2ccc(C)cc2)c(-c2ccc(-c4ccc5c(c4)C(C)(C)c4ccccc4-5)s2)sc3-c2cccs2)cc1,1,-0.178,-0.101,-4.8436292,-2.7483514
CC1(C)c2ccccc2-c2cc3c(cc21)-c1ccc(-c2ccc(-c4ccc(-c5cccs5)c5nsnc54)s2)cc1C3(C)C,1,-0.189,-0.105,-5.1429546,-2.857197
Cc1csc(-c2sc(-c3nc4cc5sc(-c6cc(C)c(-c7cc(C)cs7)s6)nc5cc4s3)cc2C)c1,1,-0.193,-0.09,-5.2518002,-2.449026
COC(=O)c1cc2c(-c3cccs3)sc(-c3ccc(-c4cc5c(s4)c(-c4ccc(C)s4)c4ccsc4c5-c4ccc(C)s4)s3)c2s1,1,-0.183,-0.096,-4.9796862,-2.6122944
Cc1ccsc1-c1nnc(-c2sc(-c3cc4c(s3)-c3sccc3C4(C)C)cc2C)nn1,1,-0.19,-0.097,-5.170166,-2.6395058
CN1C(=O)C2=C(c3ccc(-c4ccc5ccccc5c4)s3)N(C)C(=O)C2=C1c1cccs1,1,-0.185,-0.104,-5.034109,-2.8299856
CC1(C)c2ccccc2-c2ccc(N(c3ccc4cc(C=Cc5ccc(C=C(C#N)C(=O)O)s5)sc4c3)c3ccc4c(c3)C(C)(C)c3ccccc3-4)cc21,1,-0.188,-0.115,-5.1157432,-3.129311
Cc1ccsc1-c1cc(C)c(-c2ccc(-c3cc(C)c(C4=S=C(c5ccc6c7cc8c(cc7n(C)c6c5)c5ccccc5n8C)C(C)=C4)s3)c3nsnc32)s1,1,-0.181,-0.102,-4.9252634,-2.7755628
C[Si]1(C)c2ccsc2-c2sc(-c3cccc4nonc43)cc21,1,-0.201,-0.103,-5.4694914,-2.8027742
COc1ccc(N(c2ccc(OC)cc2)c2ccc(-c3cc4c(s3)-c3sc(C=C(C#N)C(=O)O)cc3C4(C)C)cc2)cc1,1,-0.183,-0.101,-4.9796862,-2.7483514
COC(=O)c1cc2csc(-c3cc4c(s3)c(-c3ccc(C)s3)c3ccsc3c4-c3ccc(C)s3)c2s1,1,-0.188,-0.082,-5.1157432,-2.2313348
CC1(C)c2cc(-c3ccc(C=C(C#N)C(=O)O)s3)ccc2-c2ccc(N(c3ccccc3)c3cccc4ccccc43)cc21,1,-0.195,-0.107,-5.306223,-2.9116198
C[Si](C)(C)C#Cc1c2ccccc2c2ccc3c(C#C[Si](C)(C)C)c4ccccc4c4ccc1c2c34,1,-0.186,-0.1,-5.0613204,-2.72114
COc1cccc(C2N=c3c(-c4cccs4)ccc(-c4ccc(-c5ccc6c(c5)C(C)(C)c5ccccc5-6)s4)c3=NC2c2cccc(OC)c2)c1,1,-0.188,-0.118,-5.1157432,-3.2109452
Cc1csc(C2=NC3SC(c4cc(C)c(-c5cc6c(s5)-c5sccc5[Si]6(C)C)s4)=NC3S2)c1,1,-0.191,-0.083,-5.1973774,-2.2585462
Cn1c2ccsc2c2sc(-c3ccc(C4=C5C(=O)N(C)C(c6cccs6)=C5C(=O)N4C)s3)cc21,1,-0.177,-0.102,-4.8164178,-2.7755628
COc1c(OC)c(-c2ccc(-c3ccc(-c4ccc5c6ccccc6n(C)c5c4)s3)s2)c2nsnc2c1-c1ccc(-c2cccs2)s1,1,-0.18,-0.103,-4.898052,-2.8027742
Cc1csc(-c2sc(-c3ccc(-c4cc(C)c(-c5cc(C)c(-c6ccc7c8cc9c(cc8n(C)c7c6)c6ccccc6n9C)s5)s4)c4nsnc43)cc2C)c1,1,-0.179,-0.104,-4.8708406,-2.8299856
Cc1ccsc1-c1ccc(-c2sc(-c3nc(C)c(-c4ccc(C5=S=C(c6cc7c(s6)-c6sccc6[Si]7(C)C)C=C5C)s4)s3)nc2C)s1,1,-0.177,-0.094,-4.8164178,-2.5578716
Cc1c2ccsc2c2sc(-c3ccc(C4=C5C(=O)N(C)C(c6cccs6)=C5C(=O)N4C)s3)cc2c1C,1,-0.183,-0.105,-4.9796862,-2.857197
CC1(C)CC(C=Cc2ccc(N(c3ccccc3)c3ccc(N(c4ccccc4)c4ccccc4)cc3)cc2)=CC(=C(C#N)C(=O)O)C1,1,-0.187,-0.104,-5.0885318,-2.8299856
C(=C1Sc2ccccc2S1)c1ccc(N(c2ccc(C=C3Sc4ccccc4S3)cc2)c2ccc(C=C3Sc4ccccc4S3)cc2)cc1,1,-0.167,-0.049,-4.5443038,-1.3333586
C=Cc1ccc2c3ccccc3n(-c3ccc(OC)cc3)c2c1,1,-0.203,-0.049,-5.5239142,-1.3333586
COc1c2ccsc2c(OC)c2cc(-c3scc4sc(S(C)(=O)=O)cc43)sc21,1,-0.201,-0.091,-5.4694914,-2.4762374
CC1=CC(c2ccc(-c3cc(C)c(-c4cc5c(s4)c4sccc4c4nc(C)c(C)nc54)s3)c3nsnc32)=S=C1,1,-0.188,-0.106,-5.1157432,-2.8844084
Cc1cc(C=C2C(=O)c3ccccc3C2=O)sc1-c1cc(C)c(-c2ccc(-c3sc(C4=S=C(C=C5C(=O)c6ccccc6C5=O)C=C4C)cc3C)s2)s1,1,-0.192,-0.117,-5.2245888,-3.1837338
CN1C(=O)c2csc(-c3cc4c(s3)-c3sccc3[Si]4(C)C)c2C1=O,1,-0.202,-0.091,-5.4967028,-2.4762374
Cn1c2ccccc2c2ccc(-c3ccc(-c4ccc(-c5cccs5)c5nsnc54)s3)cc21,1,-0.191,-0.105,-5.1973774,-2.857197
Cc1ccc(-c2ccc(-c3ncc(-c4cc5c(s4)-c4sc(-c6cnc(-c7ccc(-c8ccc(C)s8)s7)c7nsnc76)cc4[Si]5(C)C)c4nsnc43)s2)s1,1,-0.178,-0.118,-4.8436292,-3.2109452
COc1c2cc(-c3cc4c(s3)-c3sc(C5=NC6SC(c7cc8c(s7)-c7sccc7[Si]8(C)C)=NC6S5)cc3[Si]4(C)C)sc2c(OC)c2ccsc21,1,-0.19,-0.09,-5.170166,-2.449026
Cc1csc(-c2cc3c4nsnc4c(-c4cc(C)cs4)cc3c3nsnc32)c1,1,-0.201,-0.113,-5.4694914,-3.0748882
Cn1c(-c2ccc(-c3cccc4nsnc43)s2)ccc1C1=S=CC=C1,1,-0.187,-0.099,-5.0885318,-2.6939286
CC1(C)c2ccsc2-c2cc3c(cc21)-c1sc(-c2cccc4nsnc42)cc1C3(C)C,1,-0.188,-0.099,-5.1157432,-2.6939286
CSc1ccc(-c2ccc(-c3ccc([Si](c4ccc(-c5ccc(-c6ccc(SC)s6)s5)s4)(c4ccc(-c5ccc(-c6ccc(SC)s6)s5)s4)c4ccc(-c5ccc(-c6ccc(SC)s6)s5)s4)s3)s2)s1,1,-0.188,-0.081,-5.1157432,-2.2041234
Cc1cc(-c2ccc(-c3cc(C)c(-c4cccs4)s3)c3nsnc32)sc1-c1cccs1,1,-0.186,-0.106,-5.0613204,-2.8844084
COc1ccc(N(c2ccc(C=Cc3sc(C=C(C#N)C(=O)O)c4c3OCCO4)cc2)c2ccc(OC)cc2)cc1,1,-0.182,-0.096,-4.9524748,-2.6122944
Cc1ccsc1-c1ccc(-c2sc(-c3ccc4c(c3)N(C)C(=O)C4=C3c4ccccc4N(C)C3=O)cc2C)s1,1,-0.187,-0.111,-5.0885318,-3.0204654
CN1C(=O)C2=C(c3ccc(-c4cc5ccccc5o4)s3)N(C)C(=O)C2=C1c1ccc(-c2cc3ccccc3o2)s1,1,-0.183,-0.111,-4.9796862,-3.0204654
CN1C(=O)C2=C(c3cc4sc(-c5cccs5)cc4s3)N(C)C(=O)C2=C1c1cc2sccc2s1,1,-0.182,-0.106,-4.9524748,-2.8844084
CC1(C)c2ccccc2-c2ccc(N(c3ccc(-c4ccc(C=CC=C(C#N)C(=O)O)s4)cc3)c3ccc4c(c3)C(C)(C)c3ccccc3-4)cc21,1,-0.191,-0.11,-5.1973774,-2.993254
CC1(C)c2ccccc2-c2ccc(-c3ccc(N(c4ccccc4)c4ccc(C=Cc5ccc(C=C(C#N)C#N)s5)cc4)cc3)cc21,1,-0.197,-0.115,-5.3606458,-3.129311
COc1cc2c3ccsc3c3sc(-c4sc(-c5ccc(-c6cc(C)cs6)c6nsnc65)cc4C)cc3c2cc1OC,1,-0.187,-0.105,-5.0885318,-2.857197
N#CC(C#N)=Cc1ccc(-c2ccc(N(c3ccc(-c4ccc(C=C(C#N)C#N)s4)cc3)c3ccc(-c4ccc(C=C(C#N)C#N)s4)cc3)cc2)s1,1,-0.222,-0.131,-6.0409308,-3.5646934
Cc1ccsc1-c1nc2sc(-c3sc(-c4cc5c(s4)c(C#C[Si](C)(C)C)c4ccsc4c5C#C[Si](C)(C)C)cc3C)nc2s1,1,-0.192,-0.099,-5.2245888,-2.6939286
COc1cc(OC)cc(-c2nc3c(nc2-c2cc(OC)cc(OC)c2)c(-c2cccs2)sc3-c2cccs2)c1,1,-0.184,-0.099,-5.0068976,-2.6939286
Cn1c2ccccc2c2ccc(-c3ccc(-c4ccc(-c5cccs5)c5nccnc45)s3)cc21,1,-0.19,-0.096,-5.170166,-2.6122944
Cc1nc2c(-c3cccs3)nnc(-c3ccc(-c4ccc5c6ccccc6n(C)c5c4)s3)c2nc1C,1,-0.194,-0.103,-5.2790116,-2.8027742
CC1(C)c2ccccc2-c2cc3c(cc21)-c1ccc(-c2ccc(-c4ccc(-c5cccs5)c5c4=NC(c4ccccc4)C(c4ccccc4)N=5)s2)cc1C3(C)C,1,-0.186,-0.117,-5.0613204,-3.1837338
Cc1cc(C)cc(-c2ccc(N(c3ccc(-c4cc5c(s4)-c4sc(C=C(C#N)C(=O)O)cc4C5(C)C)cc3)c3ccc(-c4cc(C)cc(C)c4)cc3)cc2)c1,1,-0.188,-0.104,-5.1157432,-2.8299856
COC(=O)C(C#N)=Cc1cc(C)c(-c2ccc(-c3sc(-c4ccc5c(c4)C(C)(C)c4cc(-c6cc(C)c(-c7ccc(-c8sc(C=C(C#N)C(=O)OC)cc8C)s7)s6)ccc4-5)cc3C)s2)s1,1,-0.193,-0.111,-5.2518002,-3.0204654
COc1ccc(C=Cc2ccc(C=Cc3cc(OC)c(C=Cc4ccc(C=Cc5cc(OC)c(C=Cc6ccc(C=Cc7cc(OC)c(C=O)cc7OC)s6)cc5OC)s4)cc3OC)s2)cc1,1,-0.169,-0.093,-4.5987266,-2.5306602
N#CC(=Cc1ccc(-c2cc(-c3ccc(-c4ccc(N(c5ccccc5)c5ccccc5)cc4)s3)c(-c3ccc(-c4ccc(N(c5ccccc5)c5ccccc5)cc4)s3)s2)s1)C(=O)O,1,-0.185,-0.111,-5.034109,-3.0204654
Cc1csc(-c2sc(-c3cc(C)c(-c4cccs4)s3)c3sc(C(F)(F)C(F)(F)C(F)(F)C(F)(F)C(F)(F)C(F)(F)F)cc23)c1,1,-0.188,-0.093,-5.1157432,-2.5306602
Cc1ccsc1-c1nc2sc(-c3sc(-c4ccc5c6ccccc6n(C)c5c4)cc3C)nc2s1,1,-0.19,-0.087,-5.170166,-2.3673918
CC1(C)c2ccccc2-c2ccc(N(c3ccc(-c4cc5sc(C=C(C#N)C(=O)O)cc5s4)cc3)c3ccc4c(c3)C(C)(C)c3ccccc3-4)cc21,1,-0.192,-0.108,-5.2245888,-2.9388312
N#CC(=Cc1ccc(OCCCCCCOc2ccc(C=C(C#N)c3ccc([N+](=O)[O-])cc3)cc2O)c(O)c1)c1ccc([N+](=O)[O-])cc1,1,-0.231,-0.113,-6.2858334,-3.0748882
CC1(C)c2ccccc2-c2ccc(N(c3ccc4cc(C=Cc5ccc(C=C(C#N)C(=O)O)s5)oc4c3)c3ccc4c(c3)C(C)(C)c3ccccc3-4)cc21,1,-0.187,-0.113,-5.0885318,-3.0748882
Cc1c2cc(-c3ccc(-c4ccc(-c5cccs5)c5nn(C)nc54)s3)sc2c(C)c2ccsc21,1,-0.185,-0.089,-5.034109,-2.4218146
C(=Cc1cccc2nsnc21)c1ccc(N(c2ccc(C=Cc3cccc4nsnc43)cc2)c2ccc(C=Cc3cccc4nsnc43)cc2)cc1,1,-0.188,-0.102,-5.1157432,-2.7755628
C[Si]1(C)c2cc(-c3cnc(-c4cccs4)c4nsnc43)sc2-c2sc(-c3cnc(-c4cccs4)c4nsnc43)cc21,1,-0.187,-0.12,-5.0885318,-3.265368
Cc1ccsc1-c1ccc(-c2ccc(-c3sccc3C)s2)s1,1,-0.187,-0.072,-5.0885318,-1.9592208
c1csc(-c2ccc(-c3ccc(-c4c(-c5ccc(-c6cccs6)s5)sc(-c5ccc(-c6cccs6)s5)c4-c4ccc(-c5ccc(-c6cccs6)s5)s4)s3)s2)c1,1,-0.186,-0.085,-5.0613204,-2.312969
Cc1cc(-c2cc(C)c(C3=S=CC=C3)s2)sc1-c1ccc(-c2cccc3nsnc32)s1,1,-0.185,-0.102,-5.034109,-2.7755628
Cc1ccc(C2(c3ccc(C)cc3)c3ccsc3-c3cc4c(cc32)-c2sc(-c3cncc5nc6c7ccsc7c7sccc7c6nc53)cc2C4(c2ccc(C)cc2)c2ccc(C)cc2)cc1,1,-0.188,-0.107,-5.1157432,-2.9116198
C[Si]1(C)c2ccccc2-c2ccc(-c3ccc(-c4ccc(C5=C(c6ccccc6)C(c6ccccc6)=C(c6ccc(-c7cccs7)s6)[Si]5(C)C)s4)s3)cc21,1,-0.174,-0.092,-4.7347836,-2.5034488
Cc1csc(-c2cc(-c3ccc(C)s3)c(-c3ccc(C4=C5C(=O)N(C)C(c6cccs6)=C5C(=O)N4C)s3)s2)c1,1,-0.18,-0.104,-4.898052,-2.8299856
Cc1c2cc(-c3ccc(-c4c5nn(C)nc5c(-c5cccs5)c(F)c4F)s3)sc2c(C)c2ccsc21,1,-0.188,-0.093,-5.1157432,-2.5306602
C=Cc1ccc2c3ccc(C=Cc4cccs4)cc3n(-c3ccc(OC)cc3)c2c1,1,-0.19,-0.071,-5.170166,-1.9320094
COc1ccsc1-c1ccc(-c2sc(-c3ccc4c(c3)C(C)(C)c3ccccc3-4)cc2OC)c2nsnc21,1,-0.185,-0.088,-5.034109,-2.3946032
COC(=O)c1cc2csc(-c3ccc(-c4ccc(-c5sc(-c6ccc(-c7sccc7C)s6)cc5C)s4)s3)c2s1,1,-0.177,-0.089,-4.8164178,-2.4218146
Cc1nc(-c2nc(C)c(-c3ccc(-c4ccc(-c5ccc(N(c6ccccc6)c6ccccc6)cc5)s4)s3)s2)sc1-c1ccc(-c2ccc(-c3ccc(N(c4ccccc4)c4ccccc4)cc3)s2)s1,1,-0.179,-0.092,-4.8708406,-2.5034488
COC(=O)c1sc2c(-c3ccc(-c4cc5c(s4)c(-c4cc(F)c(C)s4)c4ccsc4c5-c4cc(F)c(C)s4)s3)sc(-c3cccs3)c2c1F,1,-0.189,-0.101,-5.1429546,-2.7483514
CC1(C)c2ccsc2-c2sc(-c3c4nsnc4cc(F)c3F)cc21,1,-0.197,-0.105,-5.3606458,-2.857197
COc1c(OC)c(-c2cc3sc(-c4cc5c(s4)c(-c4ccc(C)s4)c4ccsc4c5-c4ccc(C)s4)cc3s2)c2nsnc2c1-c1cc2sccc2s1,1,-0.182,-0.105,-4.9524748,-2.857197
COc1csc2c1C(C)(C)c1cc(-c3scc4c3C(=O)N(C)C4=O)sc1-2,1,-0.198,-0.088,-5.3878572,-2.3946032
Cc1csc(-c2cc(C)c(-c3scc4c3C(=O)N(C)C4=O)s2)c1,1,-0.203,-0.087,-5.5239142,-2.3673918
Cc1ccc(-c2ccc(-c3ccc(C4=C5C(=O)N(C)C(c6ccc(-c7ccc(C8=S=C(C)C=C8)s7)s6)=C5C(=O)N4C)s3)s2)s1,1,-0.174,-0.107,-4.7347836,-2.9116198
COc1ccc(N(c2ccc(OC)cc2)c2ccc(C3c4ccccc4-c4ccc(-c5ccc(-c6c7nsnc7c(-c7cccs7)c7nc(-c8ccccc8)c(-c8ccccc8)nc76)s5)cc43)cc2)cc1,1,-0.178,-0.121,-4.8436292,-3.2925794
Cn1c2ccccc2c2ccc(-c3ccc(-c4cnc(-c5cccs5)c5nonc54)s3)cc21,1,-0.199,-0.118,-5.4150686,-3.2109452
CC1(C)c2ccccc2-c2ccc(N(c3ccc(-c4cc5sc6cc(C=C(C#N)C(=O)O)sc6c5s4)cc3)c3ccc4c(c3)C(C)(C)c3ccccc3-4)cc21,1,-0.19,-0.109,-5.170166,-2.9660426
Cn1c2ccccc2c2ccc(-c3ccc(-c4ccc(-c5cccs5)c5nonc54)s3)cc21,1,-0.196,-0.109,-5.3334344,-2.9660426
C(=Cc1ccc(-c2ccc(N(c3ccc(-c4ccc(C=Cc5cccs5)s4)cc3)c3ccc(-c4ccc(C=Cc5cccs5)s4)cc3)cc2)s1)c1cccs1,1,-0.176,-0.081,-4.7892064,-2.2041234
Cc1csc(-c2nc3sc(-c4cc(C)c(-c5cc6c(s5)-c5sccc5[Si]6(C)C)s4)nc3s2)c1,1,-0.185,-0.091,-5.034109,-2.4762374
CC1(C)c2ccccc2-c2ccc(-c3ccc(-c4ccc(-c5cccs5)c5nsnc54)s3)cc21,1,-0.192,-0.105,-5.2245888,-2.857197
Cc1cc(C=C(C#N)C(=O)O)sc1-c1cc(C)c(-c2cc(C)c(-c3cc4ccc(N(c5ccc6c(c5)C(C)(C)c5ccccc5-6)c5ccc6c(c5)C(C)(C)c5ccccc5-6)cc4s3)s2)s1,1,-0.181,-0.11,-4.9252634,-2.993254
COc1cccc(-c2nc3c(-c4cccs4)ccc(-c4ccc(-c5ccc6c(c5)C(C)(C)c5ccccc5-6)s4)c3nc2-c2cccc(OC)c2)c1,1,-0.19,-0.094,-5.170166,-2.5578716
CC1(C)c2cc(-c3ccc(C=C(C#N)C(=O)O)s3)ccc2-c2ccc(N(c3ccccc3)c3ccc4ccc5cccc6ccc3c4c56)cc21,1,-0.192,-0.106,-5.2245888,-2.8844084
N#CC(=Cc1ccc(-c2ccc(-c3cc(-c4ccc(-c5ccc(N(c6ccccc6)c6ccccc6)cc5)s4)c(-c4ccc(-c5ccc(N(c6ccccc6)c6ccccc6)cc5)s4)s3)s2)s1)C(=O)O,1,-0.186,-0.113,-5.0613204,-3.0748882
COc1cccc(-c2nc3cccc(-c4cccs4)c3nc2-c2cccc(OC)c2)c1,1,-0.212,-0.084,-5.7688168,-2.2857576
COc1ccc(N(c2ccc(OC)cc2)c2ccc3c(c2)C(C)(C)c2c-3c3c(c4c2-c2ccc(N(c5ccc(OC)cc5)c5ccc(OC)cc5)cc2C4(C)C)-c2ccc(-c4ccc(C=C(C#N)C(=O)O)s4)cc2C3(C)C)cc1,1,-0.176,-0.104,-4.7892064,-2.8299856
CC1(C)c2ccccc2-c2cc3c(cc21)-c1cc2c(cc1C3(C)C)-c1ccc(-c3ccc(-c4ccc(-c5cccs5)c5nsnc54)s3)cc1C2(C)C,1,-0.187,-0.105,-5.0885318,-2.857197
COc1c2cc(-c3ccc(C4=C5C(=O)N(C)C(c6cccs6)=C5C(=O)N4C)s3)sc2c(OC)c2ccsc21,1,-0.184,-0.106,-5.0068976,-2.8844084
COc1c2cc(-c3cccs3)sc2c(OC)c2cc(-c3ccc(-c4ccc5c(c4)N(C)C(=O)C5=C4c5ccccc5N(C)C4=O)s3)sc21,1,-0.19,-0.113,-5.170166,-3.0748882
Cc1ccc(-c2ccc(-c3ccc(-c4ccc(N(c5ccc(-c6ccc(-c7ccc(-c8ccc(C)s8)s7)s6)cc5)c5ccc(-c6ccc(-c7ccc(-c8ccc(C)s8)s7)s6)cc5)cc4)s3)s2)s1,1,-0.174,-0.079,-4.7347836,-2.1497006
N#CC(=Cc1cc(-c2ccc(-c3ccc(N(c4ccccc4)c4ccccc4)cc3)s2)c(-c2ccc(-c3ccc(N(c4ccccc4)c4ccccc4)cc3)s2)s1)C(=O)O,1,-0.186,-0.107,-5.0613204,-2.9116198
COC(=O)c1cc2csc(-c3cc4c(s3)c(C)c3ccsc3c4C)c2s1,1,-0.193,-0.083,-5.2518002,-2.2585462
COC(=O)c1sc2c(-c3ccc(-c4cc5c(s4)c(-c4ccc(OC)cc4)c4ccsc4c5-c4ccc(OC)cc4)s3)sc(-c3cccs3)c2c1F,1,-0.183,-0.096,-4.9796862,-2.6122944
COC(=O)C(C#N)=Cc1cc(C)c(-c2ccc(-c3sc(-c4cc5c(s4)c(OC)c4cc(-c6cc(C)c(-c7ccc(-c8sc(C=C(C#N)C(=O)OC)cc8C)s7)s6)sc4c5OC)cc3C)s2)s1,1,-0.191,-0.114,-5.1973774,-3.1020996
Cc1csc(-c2ccc(-c3cc(C)cs3)c3nsnc32)c1,1,-0.196,-0.102,-5.3334344,-2.7755628
Cn1c(-c2ccc(C=C(C#N)C(=O)O)s2)ccc1-c1ccc2c(c1)C(C)(C)c1cc(N(c3ccccc3)c3ccccc3)ccc1-2,1,-0.191,-0.103,-5.1973774,-2.8027742
Cn1c(-c2ccc(C=C(C#N)C(=O)O)s2)ccc1-c1ccc2c(c1)C(C)(C)c1cc(N(c3ccccc3)c3ccccc3)ccc1-2,1,-0.19,-0.103,-5.170166,-2.8027742
COC(=O)C(C#N)=Cc1cc(C)c(-c2cc(C)c(-c3ccc(-c4sc(-c5sc(C=C(C#N)C(=O)OC)cc5C)cc4C)s3)s2)s1,1,-0.196,-0.119,-5.3334344,-3.2381566
C[Si]1(C)c2ccsc2-c2sc(-c3nc4sc(-c5cc6c(s5)-c5sc(-c7cc8sccc8s7)cc5[Si]6(C)C)nc4s3)cc21,1,-0.18,-0.096,-4.898052,-2.6122944
COc1c2ccsc2c(OC)c2cc(-c3sc(-c4scc5c4C4C=CC5CC4(C)C)c4c3C3C=CC4C(C)(C)C3)sc21,1,-0.188,-0.068,-5.1157432,-1.8503752
CN1C(=O)C2=C(c3ccc(-c4cc5c(s4)-c4sccc4[Si]5(C)C)s3)N(C)C(=O)C2=C1c1cccs1,1,-0.179,-0.103,-4.8708406,-2.8027742
COc1c2ccsc2c(OC)c2c1=S=C(c1cc(C)c(-c3ccc(-c4sc(-c5nc(C)c(-c6ccc(-c7sccc7C)s6)s5)nc4C)s3)s1)C=2,1,-0.181,-0.096,-4.9252634,-2.6122944
Cc1ccsc1-c1sc(-c2sc(-c3ccc4c(c3)C(C)(C)c3ccccc3-4)cc2C)c2nc3c4ccccc4c4ccccc4c3nc21,1,-0.186,-0.105,-5.0613204,-2.857197
C#Cc1cc2c(s1)c1sc(C#Cc3scc4nc(-c5ccccc5)c(-c5ccccc5)nc34)cc1n2C,1,-0.185,-0.101,-5.034109,-2.7483514
CC1(C)c2cc(-c3ccc(C=C(C#N)C(=O)O)s3)ccc2-c2ccc(N(c3ccccc3)c3c4ccccc4cc4ccccc43)cc21,1,-0.194,-0.106,-5.2790116,-2.8844084
CC1(C)c2cc(-c3ccc(-c4ccc(-c5ccc(-c6ccc(C=C(C#N)C#N)s6)s5)s4)s3)ccc2-c2ccc(N(c3ccccc3)c3ccccc3)cc21,1,-0.189,-0.121,-5.1429546,-3.2925794
Cc1ccsc1-c1nc2sc(-c3sc(-c4cc(C)c(-c5nc6sc(-c7sccc7C)nc6s5)s4)cc3C)nc2s1,1,-0.188,-0.103,-5.1157432,-2.8027742
CC1(C)CC(C=Cc2ccc(N(c3ccccc3)c3ccccc3)cc2)=CC(=C(C#N)C(=O)O)C1,1,-0.197,-0.104,-5.3606458,-2.8299856
COc1ccc(N(c2ccc(OC)cc2)c2ccc(-c3ccc(-c4ccc(C=C(C#N)C(=O)O)s4)s3)cc2)cc1,1,-0.186,-0.106,-5.0613204,-2.8844084
Cc1ccc(-c2nc3c(-c4cccs4)ccc(-c4ccc(-c5ccc6c7ccccc7n(C)c6c5)s4)c3nc2-c2ccc(C)s2)s1,1,-0.187,-0.09,-5.0885318,-2.449026
Cn1c2ccc(C=C(C#N)C#N)cc2c2cc(C=C(C#N)C#N)ccc21,1,-0.244,-0.121,-6.6395816,-3.2925794
COc1c2ccsc2c(OC)c2cc(-c3sc(-c4ccc(-c5cc(C)cs5)c5nsnc54)cc3C)sc21,1,-0.186,-0.107,-5.0613204,-2.9116198
COC(=O)c1sc2c(-c3ccc(-c4cc5c(s4)c(-c4ccc(C)s4)c4ccsc4c5-c4ccc(C)s4)s3)sc(-c3cccs3)c2c1F,1,-0.185,-0.098,-5.034109,-2.6667172
Cc1csc(-c2cc3c4nsnc4c(-c4cc(C)c(-c5cc6c(s5)c(-c5cc(C)c(C)s5)c5ccsc5c6C5=S=C(C)C(C)=C5)s4)cc3c3nsnc32)c1,1,-0.185,-0.113,-5.034109,-3.0748882
COC(=O)c1cc2csc(-c3cc4c(s3)c(OC)c3ccsc3c4OC)c2s1,1,-0.193,-0.083,-5.2518002,-2.2585462
Cc1ccsc1,1,-0.232,-0.013,-6.3130448,-0.3537482
COc1c2cc(-c3cc4c(s3)-c3sc(-c5nc6sc(-c7cc8c(s7)-c7sccc7[Si]8(C)C)nc6s5)cc3[Si]4(C)C)sc2c(OC)c2ccsc21,1,-0.18,-0.096,-4.898052,-2.6122944
COCc1sc2c(csc2-c2cc3c(s2)c(OC)c2ccsc2c3OC)c1F,1,-0.189,-0.074,-5.1429546,-2.0136436
C#Cc1sc(C#Cc2scc3nc(-c4ccccc4)c(-c4ccccc4)nc23)c(C)c1C,1,-0.196,-0.102,-5.3334344,-2.7755628
COC(=O)C(C#N)=Cc1cc(C)c(-c2cc(C)c(-c3cc(C)c(-c4cc5cc6sc(-c7sc(-c8sc(-c9sc(C=C(C#N)C(=O)OC)cc9C)cc8C)cc7C)cc6cc5s4)s3)s2)s1,1,-0.189,-0.114,-5.1429546,-3.1020996
Cc1ccsc1-c1sc(-c2sc(C3=S=C(c4sccc4C)C=C3C)cc2C)c2nc3c4ccccc4c4ccccc4c3nc21,1,-0.179,-0.105,-4.8708406,-2.857197
COC(=O)C(C#N)=Cc1cc(C)c(-c2cc(C)c(-c3cc(C)c(-c4ccc(-c5sc(-c6sc(-c7sc(C=C(C#N)C(=O)OC)cc7C)cc6C)cc5C)s4)s3)s2)s1,1,-0.188,-0.115,-5.1157432,-3.129311
Cc1csc(-c2ccc(-c3cc(C)c(-c4cc5c(s4)c(-c4cc(C)c(C)s4)c4ccsc4c5-c4cc(C)c(C)s4)s3)c3nsnc32)c1,1,-0.182,-0.105,-4.9524748,-2.857197
N#CC(=Cc1ccc(-c2ccc(-c3ccc(C=C(C#N)c4ccc([N+](=O)[O-])cc4)s3)c3c2C(=O)N(c2ccc(C(=O)O)cc2)C3=O)s1)c1ccc([N+](=O)[O-])cc1,1,-0.231,-0.138,-6.2858334,-3.7551732
Cc1nc(-c2nc(C)c(-c3ccc(-c4ccc5c(c4)C(C)(C)c4ccccc4-5)s3)s2)sc1-c1cccs1,1,-0.19,-0.091,-5.170166,-2.4762374
Cc1cc(C)c(-c2c3cc(-c4ccc(-c5ccc(-c6cccs6)c6nsnc65)s4)sc3c(-c3sc(C)cc3C)c3ccsc32)s1,1,-0.189,-0.108,-5.1429546,-2.9388312
CN1C(=O)C2=C(c3ccc(-c4cc5c(s4)-c4sccc4C5(C)C)s3)N(C)C(=O)C2=C1c1cccs1,1,-0.178,-0.102,-4.8436292,-2.7755628
CN1C(=O)C2=C(c3ccc(-c4ccc5c(c4)C(C)(C)c4ccccc4-5)s3)N(C)C(=O)C2=C1c1cccs1,1,-0.183,-0.102,-4.9796862,-2.7755628
Cn1c(-c2ccc(C=C(C#N)C(=O)O)s2)ccc1-c1ccc2c(c1)c1cc(N(c3ccccc3)c3ccccc3)ccc1n2C,1,-0.188,-0.1,-5.1157432,-2.72114
N#CC(=Cc1ccc(C(C#N)=Cc2ccc(-c3ccc(N(c4ccccc4)c4ccccc4)cc3)s2)s1)C(=O)O,1,-0.2,-0.12,-5.44228,-3.265368
COc1cccc(-c2nc3c(-c4cccs4)ccc(-c4ccc(-c5cc6c(s5)c(OC)c5ccsc5c6OC)s4)c3nc2-c2cccc(OC)c2)c1,1,-0.188,-0.096,-5.1157432,-2.6122944
Cc1c(C)c(-c2ccc(C3=S=C(c4ccc(C=C(C#N)C#N)s4)C(C)=C3C)s2)sc1-c1ccc(C=C(C#N)C#N)s1,1,-0.21,-0.129,-5.714394,-3.5102706
Cc1ccc(-c2ccc(-c3cc(F)c(-c4cc5c(s4)-c4sc(-c6c7nsnc7c(-c7ccc(-c8ccc(C)s8)s7)cc6F)cc4[Si]5(C)C)c4nsnc43)s2)s1,1,-0.176,-0.112,-4.7892064,-3.0476768
Cc1c(-c2cccs2)sc2c(C)c(-c3ccc(-c4scc5c4C(=O)N(C)C5=O)s3)sc12,1,-0.195,-0.095,-5.306223,-2.585083
Cc1ccc(-c2csc(-c3cc(-c4ccc(C)s4)c(-c4ccc(C5=C6C(=O)N(C)C(c7cccs7)=C6C(=O)N5C)s4)s3)c2)s1,1,-0.18,-0.103,-4.898052,-2.8027742
COc1ccc(-c2nc3c(nc2-c2ccc(OC)cc2)c(-c2ccc(-c4ccc5c(c4)C(C)(C)c4ccccc4-5)s2)sc3-c2cccs2)cc1,1,-0.176,-0.099,-4.7892064,-2.6939286
N#CC(=Cc1ccc(-c2ccc(-c3ccc(N(c4ccccc4)c4ccccc4)cc3)c3nsnc32)s1)C(=O)O,1,-0.197,-0.12,-5.3606458,-3.265368
CC1(C)CC(C=Cc2ccc(N(c3ccc(-n4c5ccccc5c5ccccc54)cc3)c3ccc(-n4c5ccccc5c5ccccc54)cc3)cc2)=CC(=C(C#N)C(=O)O)C1,1,-0.198,-0.111,-5.3878572,-3.0204654
c1csc(-c2ccsc2-c2cccs2)c1,1,-0.21,-0.048,-5.714394,-1.3061472
Cc1csc(-c2nnc(-c3cc(C)c(-c4cc5c(s4)-c4sccc4[Si]5(C)C)s3)nn2)c1,1,-0.191,-0.097,-5.1973774,-2.6395058
Cn1c2ccccc2c2ccccc21,1,-0.205,-0.036,-5.578337,-0.9796104
COc1ccc(-c2nc3c(-c4cccs4)ccc(-c4ccc(-c5cc6c7c8c(cccc8CCc7c5)n6C)s4)c3nc2-c2ccc(OC)cc2)cc1,1,-0.183,-0.086,-4.9796862,-2.3401804
COC(=O)c1cc2c(-c3cccs3)sc(-c3ccc(-c4cc5c(s4)c(-c4cc(F)c(C)s4)c4ccsc4c5-c4cc(F)c(C)s4)s3)c2s1,1,-0.187,-0.099,-5.0885318,-2.6939286
COC(=O)N1C(=O)C2=C(c3ccc(-c4ccc(C5=S=C(C)C=C5)s4)s3)N(C(=O)OC)C(=O)C2=C1c1ccc(-c2ccc(-c3ccc(C)s3)s2)s1,1,-0.18,-0.111,-4.898052,-3.0204654
C#Cc1cc2c(s1)c1sc(C#Cc3cccc4nsnc43)cc1n2C,1,-0.192,-0.102,-5.2245888,-2.7755628
Cn1c2ccccc2c2ccc(-c3ccc(-c4cnc(-c5cccs5)c5nccnc45)s3)cc21,1,-0.193,-0.104,-5.2518002,-2.8299856
CC1(C)c2cc(-c3ccc(C=C(C#N)C(=O)O)s3)ccc2-c2c1c1c(c3c2C(C)(C)c2cc(N(c4ccccc4)c4ccccc4)ccc2-3)C(C)(C)c2cc(N(c3ccccc3)c3ccccc3)ccc2-1,1,-0.19,-0.108,-5.170166,-2.9388312
Cc1ccc(-c2c3ccsc3c(-c3ccc(C)s3)c3cc(-c4scc5cc(S(C)(=O)=O)sc54)sc32)s1,1,-0.193,-0.085,-5.2518002,-2.312969
Cc1cc(-c2ccc(N(c3ccccc3)c3ccccc3)cc2)sc1-c1nc2sc(-c3sc(-c4ccc(N(c5ccccc5)c5ccccc5)cc4)cc3C)nc2s1,1,-0.179,-0.086,-4.8708406,-2.3401804
CC1(C)Oc2cc(-c3c4nsnc4cc(F)c3F)sc2-c2sccc21,1,-0.194,-0.106,-5.2790116,-2.8844084
COc1c(OC)c(-c2ccc(-c3ccc4c(c3)[Si](C)(C)c3ccccc3-4)s2)c2nsnc2c1-c1cccs1,1,-0.188,-0.1,-5.1157432,-2.72114
CN1C(=O)C2=C(c3ccc(-c4cccs4)o3)N(C)C(=O)C2=C1c1ccco1,1,-0.182,-0.1,-4.9524748,-2.72114
CC1(C)c2ccccc2-c2ccc(N(c3ccc(C=C(C#N)c4ccc(C=C(C#N)C(=O)O)s4)cc3)c3ccc4c(c3)C(C)(C)c3ccccc3-4)cc21,1,-0.198,-0.116,-5.3878572,-3.1565224
Cc1ccc(C2(c3ccc(C)cc3)c3ccsc3-c3cc4c(cc32)-c2sc(-c3cccc5nsnc53)cc2C4(c2ccc(C)cc2)c2ccc(C)cc2)cc1,1,-0.188,-0.098,-5.1157432,-2.6667172
C[Si]1(C)c2cc(-c3cnc(-c4cc5ccccc5s4)c4nsnc43)sc2-c2sc(-c3cnc(-c4cc5ccccc5s4)c4nsnc43)cc21,1,-0.189,-0.124,-5.1429546,-3.3742136
Cc1csc(-c2ccc(C3=C4C(=O)N(C)C(c5ccc(-c6cc(C)cs6)s5)=C4C(=O)N3C)s2)c1,1,-0.179,-0.103,-4.8708406,-2.8027742
COc1c2ccsc2c(OC)c2cc(-c3ccc(-c4c5nonc5c(-c5cccs5)c(OC)c4OC)s3)sc21,1,-0.19,-0.106,-5.170166,-2.8844084
N#CC(C#N)=Cc1ccc(-c2ccc(N(c3ccc(-c4ccc(C=Cc5cccs5)s4)cc3)c3ccc(-c4ccc(C=C(C#N)C#N)s4)cc3)cc2)s1,1,-0.2,-0.124,-5.44228,-3.3742136
CC1(C)c2ccsc2-c2sc(-c3cccc4nsnc43)cc21,1,-0.192,-0.099,-5.2245888,-2.6939286
COc1ccc(-c2nc3c(-c4cccs4)ccc(-c4ccc(-c5ccc6c(c5)C(C)(C)c5ccccc5-6)s4)c3nc2-c2ccc(OC)cc2)cc1,1,-0.187,-0.088,-5.0885318,-2.3946032
COc1c2ccsc2c(OC)c2cc(-c3ccc(-c4sc(-c5cccs5)c5c4C(=O)N(C)C5=O)s3)sc21,1,-0.195,-0.099,-5.306223,-2.6939286
CC1(C)c2ccsc2-c2cc3c(cc21)-c1sc(-c2ccc(-c4nnc(-c5cccs5)nn4)s2)cc1C3(C)C,1,-0.189,-0.099,-5.1429546,-2.6939286
C[Si]1(C)c2ccsc2-c2sc(-c3cccc4nsnc43)cc21,1,-0.194,-0.099,-5.2790116,-2.6939286
Cc1csc(-c2ccc(-c3cc(C)c(-c4cc5c(s4)c(-c4ccc(C)s4)c4ccsc4c5-c4ccc(C)s4)s3)c3nsnc32)c1,1,-0.185,-0.105,-5.034109,-2.857197
Cc1csc(-c2cccc3nsnc32)c1C,1,-0.216,-0.096,-5.8776624,-2.6122944
Cc1ccc(C2(c3ccc(C)cc3)c3ccsc3-c3cc4c(cc32)-c2sc(-c3ccc(-c5cccs5)s3)cc2C4(c2ccc(C)cc2)c2ccc(C)cc2)cc1,1,-0.179,-0.076,-4.8708406,-2.0680664
COc1c2ccsc2c(OC)c2c1=S=C(c1sc(-c3sc(-c4nc(C)c(-c5cc(C)cs5)s4)nc3C)cc1C)C=2,1,-0.185,-0.093,-5.034109,-2.5306602
CN1c2ccccc2Sc2cc(C=Cc3ccsc3-c3cccs3)ccc21,1,-0.183,-0.065,-4.9796862,-1.768741
CN1C(=O)C2=C(c3ccc(C=Cc4ccc(C(F)(F)F)cc4)s3)N(C)C(=O)C2=C1c1ccc(C=Cc2ccc(C(F)(F)F)cc2)s1,1,-0.189,-0.119,-5.1429546,-3.2381566
Cc1ccsc1C1=NC2SC(c3sc(-c4cc5c(s4)-c4sccc4[Si]5(C)C)cc3C)=NC2S1,1,-0.193,-0.083,-5.2518002,-2.2585462
C(=Cc1ccc(C=Cc2ccc(N(c3ccccc3)c3ccccc3)cc2)c2nsnc21)c1ccc(N(c2ccccc2)c2ccccc2)cc1,1,-0.176,-0.099,-4.7892064,-2.6939286
COc1c2cc(-c3cc(C=Cc4sc(-c5ccc(-c6cc(C)cs6)c6nsnc65)cc4C)cs3)sc2c(OC)c2ccsc21,1,-0.186,-0.105,-5.0613204,-2.857197
N#CC(=Cc1sc(-c2ccc(N(c3ccccc3)c3ccccc3)cc2)c2c1OCCO2)C(=O)O,1,-0.194,-0.097,-5.2790116,-2.6395058
CC1(C)c2ccsc2-c2sc(-c3ccc(-c4nc5sc(-c6cccs6)nc5s4)s3)cc21,1,-0.184,-0.093,-5.0068976,-2.5306602
Cc1cc2c3cc(C)sc3c3nc4c(-c5ccc(-c6ccc7c8ccccc8n(C)c7c6)s5)ccc(-c5cccs5)c4nc3c2s1,1,-0.185,-0.101,-5.034109,-2.7483514
C=Cc1cc(OC)c(C=Cc2cc(C=C(C#N)c3ccc([N+](=O)[O-])cc3)ccc2C=C(C#N)c2ccc([N+](=O)[O-])cc2)cc1OC,1,-0.207,-0.132,-5.6327598,-3.5919048
Cc1ccc(-c2nc3cccc(-c4ccc(-c5ccc6c(c5)C(C)(C)c5cc(-c7cccs7)ccc5-6)s4)c3nc2-c2ccc(C)s2)s1,1,-0.191,-0.088,-5.1973774,-2.3946032
COc1ccc(C#Cc2ccc(-c3ccc(-c4ccc(C#Cc5ccc(OC)c(OC)c5)s4)c4nsnc43)s2)cc1OC,1,-0.189,-0.11,-5.1429546,-2.993254
N#CC(=Cc1ccc(C(C#N)=Cc2ccc(N(c3ccccc3)c3ccccc3)cc2)s1)C(=O)O,1,-0.206,-0.115,-5.6055484,-3.129311
CC1(C)c2cc(C=C(C#N)C#N)sc2-c2sc(C=C(C#N)C#N)cc21,1,-0.239,-0.149,-6.5035246,-4.0544986
COc1c2ccsc2c(OC)c2cc(-c3cc(C)c(-c4nc5sc(-c6sccc6C)nc5s4)s3)sc21,1,-0.19,-0.094,-5.170166,-2.5578716
COc1c2ccsc2c(OC)c2cc(-c3scc4c3C(=O)N(C)C4=O)sc21,1,-0.2,-0.094,-5.44228,-2.5578716
CN1C(=O)C2=C(c3ccc(-c4cccs4)s3)N(C)C(=O)C2=C1c1cccs1,1,-0.184,-0.102,-5.0068976,-2.7755628
COc1ccc(C#Cc2ccc(C#Cc3ccc(-c4ccc(-c5ccc(C#Cc6ccc(C#Cc7ccc(OC)c(OC)c7)cc6)s5)c5nsnc54)s3)cc2)cc1OC,1,-0.186,-0.113,-5.0613204,-3.0748882
Cc1ccc(C2(c3ccc(C)cc3)c3ccsc3-c3cc4c(cc32)-c2sc(-c3cccs3)cc2C4(c2ccc(C)cc2)c2ccc(C)cc2)cc1,1,-0.183,-0.069,-4.9796862,-1.8775866
CC(=O)c1cc2c(csc2-c2cc3c(s2)c2sccc2c(C)c3C)s1,1,-0.197,-0.092,-5.3606458,-2.5034488
CC1(C)c2ccccc2-c2ccc(N(c3ccc(-c4ccc(-c5ccc(C=C(C#N)C(=O)O)s5)s4)cc3)c3ccc4c(c3)C(C)(C)c3ccccc3-4)cc21,1,-0.189,-0.11,-5.1429546,-2.993254
N#CC(=Cc1cc(C#N)c(C=Cc2ccc(N(c3ccccc3)c3ccccc3)cc2)cc1C#N)C(=O)O,1,-0.208,-0.129,-5.6599712,-3.5102706
CC1(C)c2cc(-c3ccc(-c4ccc(-c5ccc(C=C(C#N)C#N)s5)s4)s3)ccc2-c2ccc(N(c3ccccc3)c3ccccc3)cc21,1,-0.191,-0.12,-5.1973774,-3.265368
Cc1ccc(-c2c3cc(-c4ccc(C5=C6C(=O)N(C)C(c7cccs7)=C6C(=O)N5C)s4)sc3c(-c3ccc(C)cc3)c3ccsc32)cc1,1,-0.182,-0.105,-4.9524748,-2.857197
Cc1ccc(-n2c(-c3ccsc3)nc3c2c2ccc(C)cc2c2cc(C)ccc32)cc1,1,-0.188,-0.043,-5.1157432,-1.1700902
COC(=O)c1sc2c(csc2-c2cc3c(s2)c(OC)c2ccsc2c3OC)c1F,1,-0.197,-0.087,-5.3606458,-2.3673918
Cn1c2ccccc2c2ccc(-c3ccc(-c4sc(-c5cccs5)c5nc(-c6ccccc6)c(-c6ccccc6)nc54)s3)cc21,1,-0.179,-0.103,-4.8708406,-2.8027742
Cc1ccc(-c2c3cc(-c4cc5sc(C6=C7C(=O)N(C)C(c8cc9sccc9s8)=C7C(=O)N6C)cc5s4)sc3c(-c3ccc(C)s3)c3ccsc32)s1,1,-0.181,-0.107,-4.9252634,-2.9116198
Cc1cc2c3cc(C)sc3c3nc4c(cccc4-c4ccc(-c5ccc6c(c5)C(C)(C)c5cc(-c7cccs7)ccc5-6)s4)nc3c2s1,1,-0.189,-0.098,-5.1429546,-2.6667172
Cc1csc(-c2ccc(-c3cc(C)c(-c4cc5c(s4)c(C)c4ccsc4c5C)s3)c3nsnc32)c1,1,-0.185,-0.107,-5.034109,-2.9116198
Cc1cc(C=C2C(=O)N(C)C(=O)N(C)C2=O)sc1-c1cc(C)c(-c2cc(C)c(-c3ccc(-c4sc(-c5sc(C6=S=C(C=C7C(=O)N(C)C(=O)N(C)C7=O)C=C6C)cc5C)cc4C)s3)s2)s1,1,-0.188,-0.117,-5.1157432,-3.1837338
Cc1nc2c(nc1C)c(-c1ccc(-c3ccc4c5ccccc5n(C)c4c3)s1)sc2-c1cccs1,1,-0.178,-0.097,-4.8436292,-2.6395058
COc1c2cc(-c3cc(C)c(-c4ccc(-c5sc(C=C6SC(=S)N(C)C6=O)cc5C)s4)s3)sc2c(OC)c2cc(-c3cc(C)c(-c4ccc(-c5sc(C=C6SC(=S)N(C)C6=O)cc5C)s4)s3)sc21,1,-0.183,-0.111,-4.9796862,-3.0204654
CN1C(=O)C2=C(c3cc4sccc4s3)N(C)C(=O)C2=C1c1cc2sccc2s1,1,-0.185,-0.104,-5.034109,-2.8299856
COc1ccc(-c2nc3c(-c4scc5c4OCCO5)ccc(-c4sc(-c5ccc6c(c5)C(C)(C)c5ccccc5-6)c5c4OCCO5)c3nc2-c2ccc(OC)cc2)cc1,1,-0.178,-0.08,-4.8436292,-2.176912
COc1c(OC)c(-c2ccc(-c3ccc4c5ccccc5n(C)c4c3)s2)c2nsnc2c1-c1cccs1,1,-0.188,-0.099,-5.1157432,-2.6939286
COc1ccc(N(c2ccc(OC)cc2)c2cccc(-n3c4ccccc4c4ccc(-c5ccc(-c6c7nsnc7c(-c7cccs7)c7nc(-c8ccccc8)c(-c8ccccc8)nc76)s5)cc43)c2)cc1,1,-0.179,-0.121,-4.8708406,-3.2925794
COc1ccc(C#Cc2c3ccccc3c(C#Cc3ccc(OC)c(OC)c3)c3ccccc23)cc1OC,1,-0.185,-0.094,-5.034109,-2.5578716
Cc1cc(C=C(C#N)C(=O)O)sc1-c1cc(C)c(-c2cc(C)c(-c3ccc(N(c4ccc5c(c4)C(C)(C)c4ccccc4-5)c4ccc5c(c4)C(C)(C)c4ccccc4-5)cc3)s2)s1,1,-0.185,-0.108,-5.034109,-2.9388312
Cc1ccsc1-c1sc(-c2sc(C3=S=C(c4sccc4C)C(C)=C3)cc2C)c2nc3c(nc21)-c1cccc2cccc-3c12,1,-0.182,-0.096,-4.9524748,-2.6122944
Cc1ccc(-c2c3cc(-c4ccc(-c5sc(-c6cccs6)c6c5C(=O)c5c(C)sc(C)c5C6=O)s4)sc3c(-c3ccc(C)s3)c3ccsc32)s1,1,-0.187,-0.095,-5.0885318,-2.585083
Cn1c(-c2ccc(C=C(C#N)C(=O)O)cc2)ccc1-c1ccc(N(c2ccccc2)c2ccccc2)cc1,1,-0.191,-0.101,-5.1973774,-2.7483514
N#CC(C#N)=Cc1ccc(-c2ccc(N(c3ccc(-c4ccc(C=Cc5cccs5)s4)cc3)c3ccc(-c4ccc(C=Cc5cccs5)s4)cc3)cc2)s1,1,-0.188,-0.114,-5.1157432,-3.1020996
COC(=O)c1cc2c(csc2-c2sc3c(c2F)c(OC)c2scc(F)c2c3OC)s1,1,-0.199,-0.092,-5.4150686,-2.5034488
COc1c2sc(-c3ccc(C4=C5C(=O)N(C)C(c6cccs6)=C5C(=O)N4C)s3)cc2cc2c1cc1cc(-c3ccc(C4=C5C(=O)N(C)C(c6cccs6)=C5C(=O)N4C)s3)sc1c2OC,1,-0.181,-0.112,-4.9252634,-3.0476768
Cn1c(-c2ccc(C=C(C#N)C(=O)O)s2)ccc1-c1ccc(-c2ccc3c(c2)C(C)(C)c2cc(N(c4ccccc4)c4ccccc4)ccc2-3)s1,1,-0.188,-0.105,-5.1157432,-2.857197
COc1c2cc(-c3cccs3)sc2c(OC)c2ccsc21,1,-0.194,-0.068,-5.2790116,-1.8503752
C(=Cc1ccc(N(c2ccccc2)c2ccccc2)cc1)c1ccc(-c2ccc(-c3ccc(C=Cc4ccc(N(c5ccccc5)c5ccccc5)cc4)s3)c3nsnc32)s1,1,-0.173,-0.105,-4.7075722,-2.857197
CC1(C)c2cc(C=C(C#N)C(=O)O)sc2-c2sc(-c3ccc(N(c4ccc(N5c6ccccc6Sc6ccccc65)cc4)c4ccc(N5c6ccccc6Sc6ccccc65)cc4)cc3)cc21,1,-0.19,-0.112,-5.170166,-3.0476768
Cc1csc(-c2nnc(-c3cc(C)c(-c4cc5c(s4)-c4sccc4C5(C)C)s3)nn2)c1,1,-0.189,-0.096,-5.1429546,-2.6122944
COc1c(OC)c(-c2ccc(-c3ccc4c(c3)C(C)(C)c3ccccc3-4)s2)c2nsnc2c1-c1cccs1,1,-0.188,-0.1,-5.1157432,-2.72114
COC(=O)c1cc2csc(-c3ccc(-c4ccc(-c5sccc5C)s4)s3)c2s1,1,-0.187,-0.086,-5.0885318,-2.3401804
COc1ccc(N(c2ccc(OC)cc2)c2ccc(-c3sc(-c4cc5sc(C=C(C#N)C(=O)O)cc5s4)c4c3OCCO4)cc2)cc1,1,-0.179,-0.103,-4.8708406,-2.8027742
Cc1nc(-c2nc(C)c(-c3ccc(C4=S=C5c6sccc6C(C)(C)C5=C4)s3)s2)sc1-c1cccs1,1,-0.181,-0.092,-4.9252634,-2.5034488
COc1c2sccc2c2cc(-c3ccc(-c4sc(-c5nc(C)c(-c6cccs6)s5)nc4C)s3)sc2c1OC,1,-0.187,-0.094,-5.0885318,-2.5578716
N#CC(=Cc1ccc(C=Cc2ccc(C=Cc3ccc(N(c4ccccc4)c4ccccc4)cc3)s2)s1)C(=O)O,1,-0.188,-0.112,-5.1157432,-3.0476768
Cc1ccc(-c2c3cc(-c4sc5cc(-c6ccc(-c7csc8c(C)csc78)c7nsnc76)sc5c4C)sc3c(-c3ccc(C)s3)c3ccsc32)s1,1,-0.185,-0.106,-5.034109,-2.8844084
CN1C(=O)C2=C(c3ccc(-c4cc5ccccc5c5ccccc45)s3)N(C)C(=O)C2=C1c1ccc(-c2cc3ccccc3c3ccccc23)s1,1,-0.183,-0.102,-4.9796862,-2.7755628
CC1(C)c2cc(-c3ccc(-c4ccc(C=C(C#N)C(=O)O)s4)s3)ccc2-c2ccc(N(c3ccccc3)c3cccc4ccccc43)cc21,1,-0.191,-0.109,-5.1973774,-2.9660426
CC1(C)c2cc(-c3ccc(-c4ccc(C=C(C#N)C(=O)O)s4)s3)ccc2-c2ccc(N(c3ccccc3)c3cccc4ccccc43)cc21,1,-0.191,-0.11,-5.1973774,-2.993254
CC1=CC(c2cc(C)c(-c3sc(-c4cc(C)c(-c5nc6scnc6s5)s4)cc3C)s2)=S=C1,1,-0.192,-0.089,-5.2245888,-2.4218146
COc1cc2c3ccsc3c3sc(-c4cccc5nsnc54)cc3c2cc1OC,1,-0.2,-0.102,-5.44228,-2.7755628
Cc1nc(-c2nc(C)c(-c3ccc(-c4ccc(N(c5ccccc5)c5ccccc5)cc4)s3)s2)sc1-c1ccc(-c2ccc(N(c3ccccc3)c3ccccc3)cc2)s1,1,-0.178,-0.089,-4.8436292,-2.4218146
COC(=O)c1cc2csc(-c3cccs3)c2s1,1,-0.202,-0.079,-5.4967028,-2.1497006
COC(=O)c1sc2csc(-c3sc4c(c3F)c(OC)c3scc(F)c3c4OC)c2c1F,1,-0.202,-0.092,-5.4967028,-2.5034488
N#CC(=Cc1ccc(C=C(c2ccc(N(c3ccccc3)c3ccccc3)cc2)c2ccc(N(c3ccccc3)c3ccccc3)cc2)s1)C(=O)O,1,-0.192,-0.105,-5.2245888,-2.857197
CN1C(=O)C2=C(c3ccc(-c4ccco4)o3)N(C)C(=O)C2=C1c1ccco1,1,-0.181,-0.097,-4.9252634,-2.6395058
CN1C(=O)C2=C(c3ccc(C#Cc4cc5ccccc5c5ccccc45)s3)N(C)C(=O)C2=C1c1ccc(C#Cc2cc3ccccc3c3ccccc23)s1,1,-0.185,-0.112,-5.034109,-3.0476768
COc1ccc(N(c2ccc(OC)cc2)c2ccc(-c3sc(C=C(C#N)C(=O)O)c4c3OCCO4)cc2)cc1,1,-0.185,-0.093,-5.034109,-2.5306602
CC1(C)c2ccccc2-c2ccc(-c3ccc(-c4ccc(-c5cccs5)c5c4=NC(c4ccccc4)C(c4ccccc4)N=5)s3)cc21,1,-0.188,-0.117,-5.1157432,-3.1837338
Cc1csc(-c2c3nsnc3c(-c3cc(C)c(-c4cc5c(s4)c(C)c4ccsc4c5C)s3)c(F)c2F)c1,1,-0.189,-0.111,-5.1429546,-3.0204654
CC1(C)c2ccccc2-c2ccc(-c3ccc(C4=C(c5ccccc5)C(c5ccccc5)=C(c5cccs5)[Si]4(C)C)s3)cc21,1,-0.179,-0.085,-4.8708406,-2.312969
Cc1ccc(-c2c3ccsc3c(-c3ccc(C)s3)c3cc(-c4ccc(C5=C6C(=O)N(C)C(c7cccs7)=C6C(=O)N5C)s4)sc32)s1,1,-0.182,-0.106,-4.9524748,-2.8844084
C[Si]1(C)c2ccccc2-c2ccc(-c3ccc(-c4ccc(-c5cccs5)c5nsnc54)s3)cc21,1,-0.192,-0.105,-5.2245888,-2.857197
N#CC(=Cc1ccc(C=Cc2ccc(-c3ccc(N(c4ccccc4)c4ccccc4)cc3)s2)s1)C(=O)O,1,-0.192,-0.111,-5.2245888,-3.0204654
C=Cc1cc(OC)c(C=Cc2ccc(N(c3ccccc3)c3ccc(C=C(C#N)c4ccc([N+](=O)[O-])cc4)cc3)cc2)cc1OC,1,-0.192,-0.108,-5.2245888,-2.9388312
