frequency_eV,xx_gt,yy_gt,zz_gt,xx_pred,yy_pred,zz_pred
1.5498024225234985,109.8632,103.8327,66.16303,108.92536,104.80381,66.26852
1.6272926330566406,110.1417,104.12172,66.23361,114.05322,103.240845,63.279438
1.7047827243804932,110.437584,104.42987,66.30796,113.26401,102.674286,64.63795
1.7822728157043457,110.75149,104.75807,66.38615,112.256,104.66897,64.66324
1.8597629070281982,111.08415,105.10736,66.468216,114.167725,100.74861,68.03702
1.9372531175613403,111.43637,105.47888,66.55425,115.12402,104.347244,65.18006
2.0147430896759033,111.80902,105.873924,66.64431,111.034645,106.652954,64.54585
2.092233419418335,112.20309,106.29393,66.73849,112.81459,103.31286,65.21248
2.1697235107421875,112.61963,106.740524,66.83686,108.80981,106.50123,68.05668
2.24721360206604,113.05985,107.215546,66.939545,111.60268,106.51134,65.61402
2.3247036933898926,113.52506,107.72106,67.04664,111.13711,107.110565,67.044495
2.402193784713745,114.01673,108.25946,67.15829,114.64353,102.49498,69.49779
2.4796838760375977,114.53651,108.83346,67.27464,113.069916,106.27772,68.09718
2.55717396736145,115.08623,109.44618,67.39589,112.77084,108.98,67.87292
2.6346640586853027,115.66796,110.1013,67.52224,113.972206,110.63959,65.37041
2.7121541500091553,116.28405,110.80308,67.653984,110.46608,106.83351,70.41795
2.789644479751587,116.93714,111.55657,67.79146,113.46569,108.48778,68.32449
2.8671345710754395,117.63028,112.36786,67.93515,112.341324,110.56773,69.74014
2.944624662399292,118.36696,113.24431,68.08569,119.255424,111.959145,62.604286
3.0221147537231445,119.1512,114.19506,68.24406,123.087425,109.623856,67.38617
3.099604845046997,119.98775,115.23176,68.41169,117.357895,107.93037,67.918495
3.1770949363708496,120.882195,116.369774,68.59107,121.122856,109.834305,67.58407
3.254585027694702,121.84126,117.63059,68.7867,117.79262,109.83451,71.98785
3.3320751190185547,122.87326,119.0471,69.00786,120.415085,109.7392,68.94523
3.4095654487609863,123.988884,120.677155,69.276344,120.6991,118.094925,69.634575
3.487055540084839,125.20248,122.62431,69.63823,125.31269,110.56939,67.23764
3.5645456314086914,126.496635,124.01453,69.500015,125.52107,110.202576,62.50258
3.642035722732544,127.89621,125.057655,68.956535,123.450386,118.68248,67.75959
3.7195258140563965,129.50179,127.936844,69.35802,132.88309,117.046715,67.10859
3.797015905380249,131.29555,131.2139,69.68014,130.77705,120.179245,66.89743
3.8745059967041016,133.33818,135.20131,69.96599,123.41391,114.73069,68.61754
3.951996088027954,135.72871,140.39359,70.24582,119.92941,112.10129,70.64079
4.029486179351807,138.65147,147.72989,70.53896,137.2788,128.8424,67.02354
4.106976509094238,142.50722,159.35036,70.87025,150.41895,129.59467,72.33947
4.184466361999512,148.18541,180.15054,71.287865,139.50589,132.95369,71.59768
4.261956691741943,149.16934,172.43468,71.440384,145.89795,134.8948,60.34088
4.339446544647217,133.73094,68.49067,70.69486,137.77159,124.16057,66.22443
4.416936874389648,141.24864,93.912766,71.16163,151.10547,132.62881,70.65793
4.49442720413208,147.87752,111.07828,71.55269,153.02238,146.01439,63.323257
4.5719170570373535,154.32153,123.00308,71.89503,143.77495,123.94794,63.93713
4.649407386779785,161.47073,133.26047,72.219894,156.95781,148.40842,72.55701
4.726897239685059,170.05954,143.65761,72.54046,173.76198,151.3807,69.17427
4.80438756942749,181.02599,155.58504,72.863144,185.53186,155.0388,75.51169
4.881877422332764,195.90533,170.74617,73.191765,211.89172,161.79141,69.04002
4.959367752075195,217.61655,192.03065,73.5292,232.2997,197.74408,68.73715
5.036858081817627,252.50533,225.49097,73.87847,249.67552,236.08542,72.89143
5.1143479347229,316.07416,285.75467,74.24431,322.53876,254.87717,72.27577
5.191838264465332,422.89944,386.5602,74.631096,418.51578,398.1506,61.792442
5.2693281173706055,-78.52954,-84.45936,74.89809,40.390434,22.787117,82.199234
5.346818447113037,-136.24016,-138.4755,75.27568,-182.37958,-157.92285,76.9838
5.4243083000183105,-45.55748,-53.067577,75.70085,-54.31778,-10.029404,79.053925
5.501798629760742,2.0303187,-8.215791,76.13334,-10.503479,22.140839,76.95355
5.579288482666016,29.890718,18.05308,76.579895,15.05558,45.11123,79.11079
5.656778812408447,48.201897,35.313892,77.04469,47.004738,49.448654,80.29075
5.734269142150879,61.310177,47.659782,77.53104,64.47374,56.63071,86.90368
5.811758995056152,71.32094,57.07865,78.04229,73.03276,95.40723,79.223625
5.889249324798584,79.370636,64.65059,78.58242,86.100266,100.11846,72.33926
5.966739177703857,86.12964,71.02375,79.15652,87.24499,94.02601,70.07128
6.044229507446289,92.02592,76.63125,79.771645,105.64507,113.71683,72.140945
6.1217193603515625,97.35643,81.81099,80.43843,101.77765,85.8287,82.37474
6.199209690093994,102.35125,86.90531,81.17477,100.54945,103.036674,84.32056
